[
  {
    "model": "auth.user",
    "pk": 1,
    "fields": {
      "password": "pbkdf2_sha256$320000$QNH9B21hazL37dR1luuRW5$D4jbf594xoaBzp9/KVP9NLBiiJ0+Beq7b5LIle6SlqA=",
      "last_login": "2022-04-01T16:05:39.820Z",
      "is_superuser": true,
      "username": "admin",
      "first_name": "",
      "last_name": "",
      "email": "admin@gmail.com",
      "is_staff": true,
      "is_active": true,
      "date_joined": "2022-03-29T12:53:27.133Z",
      "groups": [],
      "user_permissions": []
    }
  },
  {
    "model": "sessions.session",
    "pk": "tvzjx0x1oj7gpsipxt6xngf65802thjw",
    "fields": {
      "session_data": ".eJxVjEEOwiAQRe_C2hBgCnRcuu8ZyMyAUjVtUtqV8e7apAvd_vfef6lE21rT1sqSxqzOyqrT78YkjzLtIN9pus1a5mldRta7og_a9DDn8rwc7t9BpVa_dS_Qg5MSATB0mAs4Ygrko71agx0aAbBMRgS8BzYSIAI6YGRGKur9Acm4N2M:1naJmN:vEYKPTpjeTleWwosm58HXbROWtCvT3qTNisfcQscvUw",
      "expire_date": "2022-04-15T16:05:39.821Z"
    }
  },
  {
    "model": "sessions.session",
    "pk": "v96vbciuwo539yvaoiihy7de8rd4rmsj",
    "fields": {
      "session_data": ".eJxVjEEOwiAQRe_C2hBgCnRcuu8ZyMyAUjVtUtqV8e7apAvd_vfef6lE21rT1sqSxqzOyqrT78YkjzLtIN9pus1a5mldRta7og_a9DDn8rwc7t9BpVa_dS_Qg5MSATB0mAs4Ygrko71agx0aAbBMRgS8BzYSIAI6YGRGKur9Acm4N2M:1nZBLo:5bI_lPRta9eTeE9SwsIX7hSSej1DvXQ_Ze9DKdMrRE8",
      "expire_date": "2022-04-12T12:53:32.527Z"
    }
  },
  {
    "model": "app.tipesparepart",
    "pk": 1,
    "fields": {
      "jenis_sparepart": "FILTER OLI",
      "limit_notif": 0
    }
  },
  {
    "model": "app.tipesparepart",
    "pk": 2,
    "fields": {
      "jenis_sparepart": "FILTER SOLAR",
      "limit_notif": 2
    }
  },
  {
    "model": "app.tipesparepart",
    "pk": 3,
    "fields": {
      "jenis_sparepart": "FILTER UDARA",
      "limit_notif": 1
    }
  },
  {
    "model": "app.tipesparepart",
    "pk": 4,
    "fields": {
      "jenis_sparepart": "VAN BELT",
      "limit_notif": 1
    }
  },
  {
    "model": "app.tipesparepart",
    "pk": 5,
    "fields": {
      "jenis_sparepart": "SOLAR",
      "limit_notif": 50
    }
  },
  {
    "model": "app.tipesparepart",
    "pk": 6,
    "fields": {
      "jenis_sparepart": "COOLANT",
      "limit_notif": 40
    }
  },
  {
    "model": "app.tipesparepart",
    "pk": 7,
    "fields": {
      "jenis_sparepart": "OLI",
      "limit_notif": 50
    }
  },
  {
    "model": "app.tipesparepart",
    "pk": 8,
    "fields": {
      "jenis_sparepart": "AKI",
      "limit_notif": 2
    }
  },
  {
    "model": "app.tipesparepart",
    "pk": 9,
    "fields": {
      "jenis_sparepart": "FILTER AIR",
      "limit_notif": 2
    }
  },
  {
    "model": "app.sparepart",
    "pk": 1,
    "fields": {
      "tipe_sparepart": 2,
      "qty": 10,
      "merek": "SAKURA",
      "pn": "FC 1501"
    }
  },
  {
    "model": "app.sparepart",
    "pk": 2,
    "fields": {
      "tipe_sparepart": 1,
      "qty": 10,
      "merek": "SAKURA",
      "pn": "C 1706"
    }
  },
  {
    "model": "app.sparepart",
    "pk": 3,
    "fields": {
      "tipe_sparepart": 3,
      "qty": 10,
      "merek": "DONALDSON",
      "pn": "P 815288"
    }
  },
  {
    "model": "app.sparepart",
    "pk": 5,
    "fields": {
      "tipe_sparepart": 2,
      "qty": 10,
      "merek": "PROGARD",
      "pn": "PFC 084"
    }
  },
  {
    "model": "app.sparepart",
    "pk": 6,
    "fields": {
      "tipe_sparepart": 2,
      "qty": 10,
      "merek": "SAKURA",
      "pn": "FC 1303"
    }
  },
  {
    "model": "app.sparepart",
    "pk": 7,
    "fields": {
      "tipe_sparepart": 2,
      "qty": -1,
      "merek": "SAKURA",
      "pn": "FC 2701"
    }
  },
  {
    "model": "app.sparepart",
    "pk": 8,
    "fields": {
      "tipe_sparepart": 2,
      "qty": 10,
      "merek": "FLEETGUARD",
      "pn": "FF 5052"
    }
  },
  {
    "model": "app.sparepart",
    "pk": 9,
    "fields": {
      "tipe_sparepart": 2,
      "qty": 10,
      "merek": "UNION",
      "pn": "UFC 1902"
    }
  },
  {
    "model": "app.sparepart",
    "pk": 10,
    "fields": {
      "tipe_sparepart": 2,
      "qty": 10,
      "merek": "FLEETGUARD",
      "pn": "FF 105 D"
    }
  },
  {
    "model": "app.sparepart",
    "pk": 11,
    "fields": {
      "tipe_sparepart": 2,
      "qty": 10,
      "merek": "FLEETGUARD",
      "pn": "FS 1000"
    }
  },
  {
    "model": "app.sparepart",
    "pk": 12,
    "fields": {
      "tipe_sparepart": 1,
      "qty": 10,
      "merek": "SAKURA",
      "pn": "O 1502"
    }
  },
  {
    "model": "app.sparepart",
    "pk": 13,
    "fields": {
      "tipe_sparepart": 1,
      "qty": 10,
      "merek": "PROGARD",
      "pn": "POC 154"
    }
  },
  {
    "model": "app.sparepart",
    "pk": 14,
    "fields": {
      "tipe_sparepart": 1,
      "qty": 10,
      "merek": "SAKURA",
      "pn": "O 1301"
    }
  },
  {
    "model": "app.sparepart",
    "pk": 15,
    "fields": {
      "tipe_sparepart": 1,
      "qty": 10,
      "merek": "FLEETGUARD",
      "pn": "LF 670"
    }
  },
  {
    "model": "app.sparepart",
    "pk": 16,
    "fields": {
      "tipe_sparepart": 1,
      "qty": 4,
      "merek": "SAKURA",
      "pn": "C 1304"
    }
  },
  {
    "model": "app.sparepart",
    "pk": 17,
    "fields": {
      "tipe_sparepart": 1,
      "qty": 10,
      "merek": "FLEETGUARD",
      "pn": "LF 3394"
    }
  },
  {
    "model": "app.sparepart",
    "pk": 18,
    "fields": {
      "tipe_sparepart": 1,
      "qty": 10,
      "merek": "UNION",
      "pn": "UOC 9104"
    }
  },
  {
    "model": "app.sparepart",
    "pk": 19,
    "fields": {
      "tipe_sparepart": 1,
      "qty": 10,
      "merek": "HINO",
      "pn": "15607-1340"
    }
  },
  {
    "model": "app.sparepart",
    "pk": 20,
    "fields": {
      "tipe_sparepart": 1,
      "qty": 10,
      "merek": "FLEETGUARD",
      "pn": "LF 747"
    }
  },
  {
    "model": "app.sparepart",
    "pk": 21,
    "fields": {
      "tipe_sparepart": 1,
      "qty": 10,
      "merek": "FLEETGUARD",
      "pn": "LF 3000"
    }
  },
  {
    "model": "app.sparepart",
    "pk": 22,
    "fields": {
      "tipe_sparepart": 1,
      "qty": 10,
      "merek": "FLEETGUARD",
      "pn": "LF 9009"
    }
  },
  {
    "model": "app.sparepart",
    "pk": 23,
    "fields": {
      "tipe_sparepart": 9,
      "qty": 10,
      "merek": "FLEETGUARD",
      "pn": "WF 2051"
    }
  },
  {
    "model": "app.sparepart",
    "pk": 24,
    "fields": {
      "tipe_sparepart": 9,
      "qty": 10,
      "merek": "FLEETGUARD",
      "pn": "WF 2075"
    }
  },
  {
    "model": "app.sparepart",
    "pk": 25,
    "fields": {
      "tipe_sparepart": 9,
      "qty": 10,
      "merek": "FLEETGUARD",
      "pn": "WF 2076"
    }
  },
  {
    "model": "app.sparepart",
    "pk": 26,
    "fields": {
      "tipe_sparepart": 3,
      "qty": 10,
      "merek": "JIMCO",
      "pn": null
    }
  },
  {
    "model": "app.sparepart",
    "pk": 27,
    "fields": {
      "tipe_sparepart": 3,
      "qty": 10,
      "merek": "SAKURA",
      "pn": "AS 1010"
    }
  },
  {
    "model": "app.sparepart",
    "pk": 28,
    "fields": {
      "tipe_sparepart": 3,
      "qty": 8,
      "merek": "SAKURA",
      "pn": "FC 2701"
    }
  },
  {
    "model": "app.sparepart",
    "pk": 29,
    "fields": {
      "tipe_sparepart": 3,
      "qty": 10,
      "merek": "KOMATSU",
      "pn": "600-181-6550"
    }
  },
  {
    "model": "app.sparepart",
    "pk": 30,
    "fields": {
      "tipe_sparepart": 3,
      "qty": 10,
      "merek": "FLEETGUARD",
      "pn": "AF 928 M-A"
    }
  },
  {
    "model": "app.sparepart",
    "pk": 31,
    "fields": {
      "tipe_sparepart": 4,
      "qty": 10,
      "merek": "MITSUBOSHI",
      "pn": "RCEMF 8460"
    }
  },
  {
    "model": "app.sparepart",
    "pk": 32,
    "fields": {
      "tipe_sparepart": 4,
      "qty": 10,
      "merek": "PERKINS",
      "pn": "2614 B 358"
    }
  },
  {
    "model": "app.sparepart",
    "pk": 33,
    "fields": {
      "tipe_sparepart": 4,
      "qty": 10,
      "merek": "BANDO",
      "pn": "RPF 5840"
    }
  },
  {
    "model": "app.sparepart",
    "pk": 34,
    "fields": {
      "tipe_sparepart": 4,
      "qty": 10,
      "merek": "MITSUBOSHI",
      "pn": "113671-2270"
    }
  },
  {
    "model": "app.sparepart",
    "pk": 35,
    "fields": {
      "tipe_sparepart": 4,
      "qty": 5,
      "merek": "BANDO",
      "pn": "RPF 5550"
    }
  },
  {
    "model": "app.sparepart",
    "pk": 36,
    "fields": {
      "tipe_sparepart": 4,
      "qty": 10,
      "merek": "CUMMINS",
      "pn": "217638 ID: 21013"
    }
  },
  {
    "model": "app.sparepart",
    "pk": 37,
    "fields": {
      "tipe_sparepart": 4,
      "qty": 10,
      "merek": "CUMMINS",
      "pn": "3040303 ID: 21013"
    }
  },
  {
    "model": "app.sparepart",
    "pk": 38,
    "fields": {
      "tipe_sparepart": 4,
      "qty": 10,
      "merek": "CUMMINS",
      "pn": "178708 ID: 21013"
    }
  },
  {
    "model": "app.sparepart",
    "pk": 39,
    "fields": {
      "tipe_sparepart": 8,
      "qty": 5,
      "merek": "GS ASTRA",
      "pn": "N 100"
    }
  },
  {
    "model": "app.sparepart",
    "pk": 40,
    "fields": {
      "tipe_sparepart": 6,
      "qty": 6,
      "merek": "PRESTONE",
      "pn": "AF 85338"
    }
  },
  {
    "model": "app.sparepart",
    "pk": 41,
    "fields": {
      "tipe_sparepart": 8,
      "qty": 10,
      "merek": "GS ASTRA",
      "pn": "N 70"
    }
  },
  {
    "model": "app.sparepart",
    "pk": 42,
    "fields": {
      "tipe_sparepart": 7,
      "qty": 10,
      "merek": "SHELL RIMULA",
      "pn": null
    }
  },
  {
    "model": "app.sparepart",
    "pk": 43,
    "fields": {
      "tipe_sparepart": 5,
      "qty": 10,
      "merek": "SHELL DIESEL",
      "pn": null
    }
  },
  {
    "model": "app.datagenset",
    "pk": 1,
    "fields": {
      "jenis_genset": "MPU02",
      "merek_genset": "AIRMAN",
      "type_genset": "SDG 60S",
      "sn_genset": "147- 070725",
      "kva": "50",
      "merek_engine": "ISUZU",
      "type_engine": "4 BD1",
      "merek_generator": "TAIYO",
      "sn_generator": "GS 17920",
      "model_generator": "TWH 22 E",
      "nopol": "B 9370 RR",
      "status_genset": "READY",
      "jam_penggunaan": 0,
      "jumlah_servis": 0,
      "sparepart": [
        1,
        2,
        3,
        31,
        39,
        40
      ]
    }
  },
  {
    "model": "app.datagenset",
    "pk": 2,
    "fields": {
      "jenis_genset": "MPU01",
      "merek_genset": "FG WILLSON",
      "type_genset": null,
      "sn_genset": "HP 51099 U 983698 K",
      "kva": "20",
      "merek_engine": "PERKINS",
      "type_engine": "P 20P2",
      "merek_generator": "LEROY SOMER",
      "sn_generator": "153097/18",
      "model_generator": null,
      "nopol": "B 9912 PAT",
      "status_genset": "READY",
      "jam_penggunaan": 0,
      "jumlah_servis": 0,
      "sparepart": []
    }
  },
  {
    "model": "app.datagenset",
    "pk": 3,
    "fields": {
      "jenis_genset": "MPU03",
      "merek_genset": "AIRMAN",
      "type_genset": "SDG 60S",
      "sn_genset": "147- 070430",
      "kva": "50",
      "merek_engine": "ISUZU",
      "type_engine": "4 BD1",
      "merek_generator": "TAIYO",
      "sn_generator": "GR 13693",
      "model_generator": "TWH 22 E",
      "nopol": "TWH 22 E",
      "status_genset": "READY",
      "jam_penggunaan": 0,
      "jumlah_servis": 0,
      "sparepart": [
        1,
        2,
        3,
        12,
        31,
        39,
        40
      ]
    }
  },
  {
    "model": "app.datagenset",
    "pk": 4,
    "fields": {
      "jenis_genset": "MPU04",
      "merek_genset": "AIRMAN",
      "type_genset": "SDG 60S",
      "sn_genset": "147- 070682",
      "kva": "50",
      "merek_engine": "ISUZU",
      "type_engine": "4 BD1",
      "merek_generator": "TAIYO",
      "sn_generator": "GS 15578",
      "model_generator": "TWH 22 E",
      "nopol": "B 9188 BDG",
      "status_genset": "READY",
      "jam_penggunaan": 0,
      "jumlah_servis": 0,
      "sparepart": [
        1,
        2,
        3,
        31,
        39,
        40
      ]
    }
  },
  {
    "model": "app.datagenset",
    "pk": 5,
    "fields": {
      "jenis_genset": "MPU05",
      "merek_genset": "AIRMAN",
      "type_genset": "SDG 60S",
      "sn_genset": "147- 070428",
      "kva": "50",
      "merek_engine": "ISUZU",
      "type_engine": "4 BD1",
      "merek_generator": "TAIYO",
      "sn_generator": "GR 13692",
      "model_generator": "TWH 22 E",
      "nopol": "B 9189 BDG",
      "status_genset": "READY",
      "jam_penggunaan": 0,
      "jumlah_servis": 0,
      "sparepart": [
        1,
        3,
        12,
        31,
        39,
        40
      ]
    }
  },
  {
    "model": "app.datagenset",
    "pk": 6,
    "fields": {
      "jenis_genset": "MPU06",
      "merek_genset": "PERKINS",
      "type_genset": "SILENT",
      "sn_genset": "U016104M",
      "kva": "50",
      "merek_engine": "PERKINS",
      "type_engine": "113A-33T",
      "merek_generator": "LEROY SOMER",
      "sn_generator": "LSA 43.2 M45 J6/4",
      "model_generator": null,
      "nopol": "B 9105 QM",
      "status_genset": "READY",
      "jam_penggunaan": 0,
      "jumlah_servis": 0,
      "sparepart": [
        5,
        13,
        26,
        32,
        39,
        40
      ]
    }
  },
  {
    "model": "app.datagenset",
    "pk": 7,
    "fields": {
      "jenis_genset": "MPU07",
      "merek_genset": "AIRMAN",
      "type_genset": "SDG 75S",
      "sn_genset": "163 - 050070",
      "kva": "60",
      "merek_engine": "ISUZU",
      "type_engine": "6BG1T",
      "merek_generator": "TAIYO",
      "sn_generator": "GR 10790",
      "model_generator": "TWH 25 B",
      "nopol": "B 9893 EG",
      "status_genset": "READY",
      "jam_penggunaan": 0,
      "jumlah_servis": 0,
      "sparepart": [
        3,
        6,
        14,
        33,
        39,
        40
      ]
    }
  },
  {
    "model": "app.datagenset",
    "pk": 8,
    "fields": {
      "jenis_genset": "MPU08",
      "merek_genset": "AIRMAN",
      "type_genset": "SDG 75S",
      "sn_genset": "163 - 050077",
      "kva": "60",
      "merek_engine": "ISUZU",
      "type_engine": "6BG1T",
      "merek_generator": "TAIYO",
      "sn_generator": "GR 12496",
      "model_generator": "TWH 25 B",
      "nopol": "B 9990 BDC",
      "status_genset": "READY",
      "jam_penggunaan": 0,
      "jumlah_servis": 0,
      "sparepart": [
        3,
        6,
        14,
        33,
        39,
        40
      ]
    }
  },
  {
    "model": "app.datagenset",
    "pk": 9,
    "fields": {
      "jenis_genset": "MPU09",
      "merek_genset": "NIPPON SHARYO",
      "type_genset": "NES 90SHE",
      "sn_genset": "GF 112400",
      "kva": "75",
      "merek_engine": "HINO",
      "type_engine": "H 07D - C",
      "merek_generator": "BRUSSHLESS AC GENERATOR",
      "sn_generator": "NEA 7504",
      "model_generator": null,
      "nopol": "B 9618 AG",
      "status_genset": "READY",
      "jam_penggunaan": 0,
      "jumlah_servis": 0,
      "sparepart": [
        7,
        16,
        28,
        35,
        39,
        40
      ]
    }
  },
  {
    "model": "app.datagenset",
    "pk": 10,
    "fields": {
      "jenis_genset": "MPU10",
      "merek_genset": "NIPPON SHARYO",
      "type_genset": "NES 90SHE",
      "sn_genset": "GF 045900",
      "kva": "75",
      "merek_engine": "HINO",
      "type_engine": "H 07D - C",
      "merek_generator": "BRUSSHLESS AC GENERATOR",
      "sn_generator": "NEA 7504",
      "model_generator": null,
      "nopol": "B 9992 BDC",
      "status_genset": "SERVIS",
      "jam_penggunaan": 0,
      "jumlah_servis": 0,
      "sparepart": [
        7,
        16,
        28,
        35,
        39,
        40
      ]
    }
  },
  {
    "model": "app.datagenset",
    "pk": 11,
    "fields": {
      "jenis_genset": "MPU11",
      "merek_genset": "NIPPON SHARYO",
      "type_genset": "NES 90SHE",
      "sn_genset": "GF 048300",
      "kva": "75",
      "merek_engine": "HINO",
      "type_engine": "H 07D - C",
      "merek_generator": "BRUSSHLESS AC GENERATOR",
      "sn_generator": "NEA 7504",
      "model_generator": null,
      "nopol": "B 9614 RX",
      "status_genset": "READY",
      "jam_penggunaan": 0,
      "jumlah_servis": 0,
      "sparepart": [
        7,
        16,
        28,
        35,
        39,
        40
      ]
    }
  },
  {
    "model": "app.datagenset",
    "pk": 12,
    "fields": {
      "jenis_genset": "MPU12",
      "merek_genset": "NIPPON SHARYO",
      "type_genset": "NES 90SHE",
      "sn_genset": "GF 047200",
      "kva": "75",
      "merek_engine": "HINO",
      "type_engine": "H 07D - C",
      "merek_generator": "BRUSSHLESS AC GENERATOR",
      "sn_generator": "NEA 7504",
      "model_generator": null,
      "nopol": "B 9991 BDC",
      "status_genset": "READY",
      "jam_penggunaan": 0,
      "jumlah_servis": 0,
      "sparepart": [
        7,
        16,
        28,
        35,
        39,
        40
      ]
    }
  },
  {
    "model": "app.datagenset",
    "pk": 13,
    "fields": {
      "jenis_genset": "MPU13",
      "merek_genset": "NIPPON SHARYO",
      "type_genset": "NES 90Ei",
      "sn_genset": "GJ 017100",
      "kva": "75",
      "merek_engine": "ISUZU",
      "type_engine": "6BG1T",
      "merek_generator": "BRUSSHLESS AC GENERATOR",
      "sn_generator": "NEA 7504",
      "model_generator": null,
      "nopol": "B 9837 BDE",
      "status_genset": "READY",
      "jam_penggunaan": 0,
      "jumlah_servis": 0,
      "sparepart": [
        7,
        16,
        27,
        34
      ]
    }
  },
  {
    "model": "app.datagenset",
    "pk": 14,
    "fields": {
      "jenis_genset": "MPU14",
      "merek_genset": "NIPPON SHARYO",
      "type_genset": "NES 90Ei",
      "sn_genset": "GJ 026300",
      "kva": "75",
      "merek_engine": "ISUZU",
      "type_engine": "6BG1T",
      "merek_generator": "BRUSSHLESS AC GENERATOR",
      "sn_generator": "NEA 7504",
      "model_generator": null,
      "nopol": "B 9274 XU",
      "status_genset": "READY",
      "jam_penggunaan": 0,
      "jumlah_servis": 0,
      "sparepart": [
        7,
        15,
        27,
        34,
        39,
        40
      ]
    }
  },
  {
    "model": "app.datagenset",
    "pk": 15,
    "fields": {
      "jenis_genset": "MPU15",
      "merek_genset": "NIPPON SHARYO",
      "type_genset": "NES 90Ei",
      "sn_genset": "GJ 016450",
      "kva": "75",
      "merek_engine": "ISUZU",
      "type_engine": "6BG1T",
      "merek_generator": "BRUSSHLESS AC GENERATOR",
      "sn_generator": "NEA 7504",
      "model_generator": null,
      "nopol": "B 9368 RR",
      "status_genset": "READY",
      "jam_penggunaan": 0,
      "jumlah_servis": 0,
      "sparepart": [
        7,
        15,
        27,
        34,
        39,
        40
      ]
    }
  },
  {
    "model": "app.datagenset",
    "pk": 16,
    "fields": {
      "jenis_genset": "MPU16",
      "merek_genset": "DENYO",
      "type_genset": "DCA 125 SPK3",
      "sn_genset": "1342646",
      "kva": "100",
      "merek_engine": "KOMATSU",
      "type_engine": "SA6D 102E-1",
      "merek_generator": "BRUSSHLESS AC GENERATOR",
      "sn_generator": "704677",
      "model_generator": "DB 1381K",
      "nopol": "B 9811 WW",
      "status_genset": "READY",
      "jam_penggunaan": 0,
      "jumlah_servis": 0,
      "sparepart": [
        8,
        17,
        29,
        39,
        40
      ]
    }
  },
  {
    "model": "app.datagenset",
    "pk": 17,
    "fields": {
      "jenis_genset": "MPU017",
      "merek_genset": "KOMATSU",
      "type_genset": "S6D",
      "sn_genset": "116997",
      "kva": "100",
      "merek_engine": "KOMATSU",
      "type_engine": "S6D105-1",
      "merek_generator": "NEW AGE STAMFORD",
      "sn_generator": "PATRIA PL 100",
      "model_generator": null,
      "nopol": "B 9109 PDD",
      "status_genset": "SERVIS",
      "jam_penggunaan": 0,
      "jumlah_servis": 0,
      "sparepart": [
        9,
        18,
        23,
        29,
        39,
        40
      ]
    }
  },
  {
    "model": "app.datagenset",
    "pk": 18,
    "fields": {
      "jenis_genset": "MPU18",
      "merek_genset": "CUMMINS",
      "type_genset": "6BT",
      "sn_genset": "21249046",
      "kva": "100",
      "merek_engine": "CUMMINS",
      "type_engine": "6BT 5.9G2",
      "merek_generator": "NEW AGE STAMFORD",
      "sn_generator": "150 11427 RV",
      "model_generator": null,
      "nopol": "B 9108 PDD",
      "status_genset": "READY",
      "jam_penggunaan": 0,
      "jumlah_servis": 0,
      "sparepart": [
        8,
        17,
        39,
        40
      ]
    }
  },
  {
    "model": "app.datagenset",
    "pk": 19,
    "fields": {
      "jenis_genset": "MPU19",
      "merek_genset": "CUMMINS",
      "type_genset": "6 CTA",
      "sn_genset": "2143214",
      "kva": "150",
      "merek_engine": "CUMMINS",
      "type_engine": "6 CTA 9.3-G",
      "merek_generator": "NEW AGE STAMFORD",
      "sn_generator": null,
      "model_generator": null,
      "nopol": "B 9993 BDC",
      "status_genset": "READY",
      "jam_penggunaan": 0,
      "jumlah_servis": 0,
      "sparepart": [
        8,
        21,
        24,
        39,
        40
      ]
    }
  },
  {
    "model": "app.datagenset",
    "pk": 20,
    "fields": {
      "jenis_genset": "MPU20",
      "merek_genset": "AIRMAN",
      "type_genset": "SDG 220S",
      "sn_genset": "157 - 020296",
      "kva": "200",
      "merek_engine": "HINO",
      "type_engine": "EK 130",
      "merek_generator": "TAIYO",
      "sn_generator": "8283",
      "model_generator": "TWH  52A",
      "nopol": "B 9836 BDE",
      "status_genset": "READY",
      "jam_penggunaan": 0,
      "jumlah_servis": 0,
      "sparepart": [
        19,
        39,
        40
      ]
    }
  },
  {
    "model": "app.datagenset",
    "pk": 21,
    "fields": {
      "jenis_genset": "MPU21",
      "merek_genset": "DENYO",
      "type_genset": "DCA 220SP",
      "sn_genset": "1334932",
      "kva": "200",
      "merek_engine": "KOMATSU",
      "type_engine": "S6D125-1",
      "merek_generator": "Denyo",
      "sn_generator": "551945",
      "model_generator": "DB 2531K",
      "nopol": "B 9835 BDE",
      "status_genset": "READY",
      "jam_penggunaan": 0,
      "jumlah_servis": 0,
      "sparepart": [
        10,
        20,
        23,
        39,
        40
      ]
    }
  },
  {
    "model": "app.datagenset",
    "pk": 22,
    "fields": {
      "jenis_genset": "MPU22",
      "merek_genset": "CUMMINS CCEC (BIRU SCTV)",
      "type_genset": "NTA",
      "sn_genset": "41252918",
      "kva": "350",
      "merek_engine": "CUMMINS",
      "type_engine": "NTA 855-G4",
      "merek_generator": "STAMFORD",
      "sn_generator": "X16L526615",
      "model_generator": null,
      "nopol": "B 9341 PDE",
      "status_genset": "READY",
      "jam_penggunaan": 0,
      "jumlah_servis": 0,
      "sparepart": [
        11,
        22,
        25,
        30,
        36,
        37,
        38
      ]
    }
  },
  {
    "model": "app.datagenset",
    "pk": 23,
    "fields": {
      "jenis_genset": "MPU23",
      "merek_genset": "CUMMINS CCEC (HIJAU IVM)",
      "type_genset": "NTA",
      "sn_genset": "41270675",
      "kva": "350",
      "merek_engine": "CUMMINS",
      "type_engine": "NTA 855-G4",
      "merek_generator": "STAMFORD",
      "sn_generator": "X17K465641",
      "model_generator": null,
      "nopol": "B 9113 BDI",
      "status_genset": "READY",
      "jam_penggunaan": 0,
      "jumlah_servis": 0,
      "sparepart": [
        11,
        22,
        25,
        30,
        36,
        37,
        38
      ]
    }
  },
  {
    "model": "app.datagenset",
    "pk": 24,
    "fields": {
      "jenis_genset": "SNG SCTV 1",
      "merek_genset": "SDMO",
      "type_genset": null,
      "sn_genset": "14116 SQ",
      "kva": "14",
      "merek_engine": "MITSUBISHI",
      "type_engine": "S4Q2 - 615D",
      "merek_generator": "MITSUBISHI",
      "sn_generator": null,
      "model_generator": "MECCALTE",
      "nopol": "B 9420 RY",
      "status_genset": "READY",
      "jam_penggunaan": 0,
      "jumlah_servis": 0,
      "sparepart": []
    }
  },
  {
    "model": "app.datagenset",
    "pk": 25,
    "fields": {
      "jenis_genset": "SNG SCTV 2",
      "merek_genset": "PERKINS FG WILLSON",
      "type_genset": null,
      "sn_genset": "HL 51102U514709K",
      "kva": "12.5",
      "merek_engine": "PERKINS",
      "type_engine": "P12.5P2",
      "merek_generator": "FG WILSON",
      "sn_generator": null,
      "model_generator": null,
      "nopol": "B 7706 BO",
      "status_genset": "READY",
      "jam_penggunaan": 0,
      "jumlah_servis": 0,
      "sparepart": []
    }
  },
  {
    "model": "app.datagenset",
    "pk": 26,
    "fields": {
      "jenis_genset": "SNG HIACE SCTV 1",
      "merek_genset": "HONDA",
      "type_genset": null,
      "sn_genset": "EASJ 1240976",
      "kva": "6.6",
      "merek_engine": "HONDA",
      "type_engine": "EU 6.6iS",
      "merek_generator": "HONDA",
      "sn_generator": null,
      "model_generator": null,
      "nopol": "B 7273 PDA",
      "status_genset": "READY",
      "jam_penggunaan": 0,
      "jumlah_servis": 0,
      "sparepart": []
    }
  },
  {
    "model": "app.datagenset",
    "pk": 27,
    "fields": {
      "jenis_genset": "SNG IVM 1",
      "merek_genset": "SAWADA",
      "type_genset": "SW - 10SHBS",
      "sn_genset": "22329",
      "kva": "10",
      "merek_engine": "HONDA",
      "type_engine": null,
      "merek_generator": "SAWADA",
      "sn_generator": null,
      "model_generator": null,
      "nopol": "B 9634 MJ",
      "status_genset": "READY",
      "jam_penggunaan": 14,
      "jumlah_servis": 0,
      "sparepart": []
    }
  },
  {
    "model": "app.datagenset",
    "pk": 28,
    "fields": {
      "jenis_genset": "SNG IVM 2",
      "merek_genset": "SAWADA",
      "type_genset": "SW - 10SHBS",
      "sn_genset": "21568",
      "kva": "10",
      "merek_engine": "HONDA",
      "type_engine": null,
      "merek_generator": "SAWADA",
      "sn_generator": null,
      "model_generator": null,
      "nopol": "B 9374 PJ",
      "status_genset": "READY",
      "jam_penggunaan": 0,
      "jumlah_servis": 0,
      "sparepart": []
    }
  },
  {
    "model": "app.datagenset",
    "pk": 29,
    "fields": {
      "jenis_genset": "SNG HIACE IVM 1",
      "merek_genset": "HONDA",
      "type_genset": null,
      "sn_genset": "EASJ 1240978",
      "kva": "6.6",
      "merek_engine": "HONDA",
      "type_engine": "EU 6.6iS",
      "merek_generator": null,
      "sn_generator": null,
      "model_generator": null,
      "nopol": "B 7746 PDA",
      "status_genset": "READY",
      "jam_penggunaan": 0,
      "jumlah_servis": 0,
      "sparepart": []
    }
  },
  {
    "model": "app.gensetutility",
    "pk": 1,
    "fields": {
      "genset": 27,
      "pic": null,
      "lama_penggunaan": 8,
      "alasan_pemakaian": "konser",
      "lokasi": null,
      "created_at": "2022-04-03T08:49:45.590Z",
      "tanggal_pemakaian": "2022-04-01T17:00:00Z"
    }
  },
  {
    "model": "app.gensetutility",
    "pk": 2,
    "fields": {
      "genset": 27,
      "pic": null,
      "lama_penggunaan": 1,
      "alasan_pemakaian": "manggung",
      "lokasi": null,
      "created_at": "2022-04-03T08:50:25.908Z",
      "tanggal_pemakaian": "2022-04-14T17:00:00Z"
    }
  },
  {
    "model": "app.gensetutility",
    "pk": 3,
    "fields": {
      "genset": 27,
      "pic": null,
      "lama_penggunaan": 5,
      "alasan_pemakaian": "acara",
      "lokasi": "jakarta",
      "created_at": "2022-04-03T08:50:52.147Z",
      "tanggal_pemakaian": "2022-03-27T17:00:00Z"
    }
  },
  {
    "model": "app.sparepartutility",
    "pk": 1,
    "fields": {
      "genset": 10,
      "jenis_servis": "250 JAM",
      "pic": "admin",
      "sparepart": {
        "FILTER SOLAR": "1"
      },
      "tanggal_servis": "2022-04-07T00:00:00Z"
    }
  },
  {
    "model": "app.sparepartutility",
    "pk": 2,
    "fields": {
      "genset": 10,
      "jenis_servis": "250 JAM",
      "pic": "admin",
      "sparepart": {
        "FILTER SOLAR": "1"
      },
      "tanggal_servis": "2022-04-07T00:00:00Z"
    }
  },
  {
    "model": "app.sparepartutility",
    "pk": 3,
    "fields": {
      "genset": 10,
      "jenis_servis": "250 JAM",
      "pic": "admin",
      "sparepart": {
        "FILTER SOLAR": "1"
      },
      "tanggal_servis": "2022-04-07T00:00:00Z"
    }
  },
  {
    "model": "app.sparepartutility",
    "pk": 4,
    "fields": {
      "genset": 10,
      "jenis_servis": "250 JAM",
      "pic": "admin",
      "sparepart": {
        "FILTER SOLAR": "1"
      },
      "tanggal_servis": "2022-04-07T00:00:00Z"
    }
  },
  {
    "model": "app.sparepartutility",
    "pk": 5,
    "fields": {
      "genset": 10,
      "jenis_servis": "250 JAM",
      "pic": "admin",
      "sparepart": {
        "FILTER SOLAR": "1"
      },
      "tanggal_servis": "2022-04-07T00:00:00Z"
    }
  },
  {
    "model": "app.sparepartutility",
    "pk": 6,
    "fields": {
      "genset": 10,
      "jenis_servis": "250 JAM",
      "pic": "admin",
      "sparepart": {
        "FILTER SOLAR": "1"
      },
      "tanggal_servis": "2022-04-07T00:00:00Z"
    }
  },
  {
    "model": "app.sparepartutility",
    "pk": 7,
    "fields": {
      "genset": 10,
      "jenis_servis": "250 JAM",
      "pic": "admin",
      "sparepart": {
        "FILTER SOLAR": "1"
      },
      "tanggal_servis": "2022-04-06T17:00:00Z"
    }
  },
  {
    "model": "app.sparepartutility",
    "pk": 8,
    "fields": {
      "genset": 10,
      "jenis_servis": "250 JAM",
      "pic": "admin",
      "sparepart": {
        "FILTER SOLAR": "1"
      },
      "tanggal_servis": "2022-04-06T17:00:00Z"
    }
  },
  {
    "model": "app.sparepartutility",
    "pk": 9,
    "fields": {
      "genset": 10,
      "jenis_servis": "250 JAM",
      "pic": "admin",
      "sparepart": {
        "FILTER OLI": "1"
      },
      "tanggal_servis": "2022-04-12T17:00:00Z"
    }
  },
  {
    "model": "app.sparepartutility",
    "pk": 10,
    "fields": {
      "genset": 10,
      "jenis_servis": "250 JAM",
      "pic": "admin",
      "sparepart": {
        "FILTER OLI": "1"
      },
      "tanggal_servis": "2022-04-12T17:00:00Z"
    }
  },
  {
    "model": "app.sparepartutility",
    "pk": 11,
    "fields": {
      "genset": 10,
      "jenis_servis": "250 JAM",
      "pic": "admin",
      "sparepart": {
        "FILTER OLI": "1"
      },
      "tanggal_servis": "2022-04-12T17:00:00Z"
    }
  },
  {
    "model": "app.sparepartutility",
    "pk": 12,
    "fields": {
      "genset": 10,
      "jenis_servis": "250 JAM",
      "pic": "admin",
      "sparepart": {
        "VAN BELT": "1"
      },
      "tanggal_servis": "2022-04-11T17:00:00Z"
    }
  },
  {
    "model": "app.sparepartutility",
    "pk": 13,
    "fields": {
      "genset": 10,
      "jenis_servis": "250 JAM",
      "pic": "admin",
      "sparepart": {
        "VAN BELT": "1"
      },
      "tanggal_servis": "2022-04-11T17:00:00Z"
    }
  },
  {
    "model": "app.sparepartutility",
    "pk": 14,
    "fields": {
      "genset": 10,
      "jenis_servis": "250 JAM",
      "pic": "admin",
      "sparepart": {
        "AKI": "1"
      },
      "tanggal_servis": "2022-04-06T17:00:00Z"
    }
  },
  {
    "model": "app.sparepartutility",
    "pk": 15,
    "fields": {
      "genset": 10,
      "jenis_servis": "250 JAM",
      "pic": "admin",
      "sparepart": {
        "AKI": "1"
      },
      "tanggal_servis": "2022-04-06T17:00:00Z"
    }
  },
  {
    "model": "app.sparepartutility",
    "pk": 16,
    "fields": {
      "genset": 10,
      "jenis_servis": "250 JAM",
      "pic": "admin",
      "sparepart": {
        "AKI": "1"
      },
      "tanggal_servis": "2022-04-06T17:00:00Z"
    }
  },
  {
    "model": "app.sparepartutility",
    "pk": 17,
    "fields": {
      "genset": 10,
      "jenis_servis": "250 JAM",
      "pic": "admin",
      "sparepart": {
        "COOLANT": "1"
      },
      "tanggal_servis": "2022-04-04T17:00:00Z"
    }
  },
  {
    "model": "app.sparepartutility",
    "pk": 18,
    "fields": {
      "genset": 10,
      "jenis_servis": "250 JAM",
      "pic": "admin",
      "sparepart": {
        "COOLANT": "1"
      },
      "tanggal_servis": "2022-04-04T17:00:00Z"
    }
  },
  {
    "model": "app.sparepartutility",
    "pk": 19,
    "fields": {
      "genset": 10,
      "jenis_servis": "250 JAM",
      "pic": "admin",
      "sparepart": {
        "COOLANT": "1"
      },
      "tanggal_servis": "2022-04-04T17:00:00Z"
    }
  },
  {
    "model": "app.sparepartutility",
    "pk": 20,
    "fields": {
      "genset": 10,
      "jenis_servis": "250 JAM",
      "pic": "admin",
      "sparepart": {
        "VAN BELT": "1"
      },
      "tanggal_servis": "2022-04-14T17:00:00Z"
    }
  },
  {
    "model": "app.sparepartutility",
    "pk": 21,
    "fields": {
      "genset": 10,
      "jenis_servis": "250 JAM",
      "pic": "admin",
      "sparepart": {
        "FILTER UDARA": "1"
      },
      "tanggal_servis": "2022-04-15T17:00:00Z"
    }
  },
  {
    "model": "app.sparepartutility",
    "pk": 22,
    "fields": {
      "genset": 10,
      "jenis_servis": "250 JAM",
      "pic": "admin",
      "sparepart": {
        "FILTER OLI": "1"
      },
      "tanggal_servis": "2022-04-27T17:00:00Z"
    }
  },
  {
    "model": "app.sparepartutility",
    "pk": 23,
    "fields": {
      "genset": 10,
      "jenis_servis": "250 JAM",
      "pic": "admin",
      "sparepart": {
        "AKI": "1"
      },
      "tanggal_servis": "2022-04-18T17:00:00Z"
    }
  },
  {
    "model": "app.sparepartutility",
    "pk": 24,
    "fields": {
      "genset": 10,
      "jenis_servis": "250 JAM",
      "pic": "admin",
      "sparepart": {
        "FILTER OLI": "1",
        "FILTER OLI SAKURA C 1304": "1"
      },
      "tanggal_servis": "2022-04-11T17:00:00Z"
    }
  },
  {
    "model": "app.sparepartutility",
    "pk": 25,
    "fields": {
      "genset": 10,
      "jenis_servis": "250 JAM",
      "pic": "admin",
      "sparepart": {
        "FILTER SOLAR SAKURA FC 2701": "1"
      },
      "tanggal_servis": "2022-04-22T17:00:00Z"
    }
  },
  {
    "model": "app.sparepartutility",
    "pk": 26,
    "fields": {
      "genset": 10,
      "jenis_servis": "250 JAM",
      "pic": "admin",
      "sparepart": {
        "FILTER OLI SAKURA C 1304": "1",
        "FILTER SOLAR SAKURA FC 2701": "1",
        "FILTER UDARA SAKURA FC 2701": "1",
        "VAN BELT BANDO RPF 5550": "1",
        "COOLANT PRESTONE AF 85338": "1",
        "AKI GS ASTRA N 100": "1"
      },
      "tanggal_servis": "2022-05-05T17:00:00Z"
    }
  },
  {
    "model": "app.sparepartutility",
    "pk": 27,
    "fields": {
      "genset": 10,
      "jenis_servis": "250 JAM",
      "pic": "admin",
      "sparepart": {
        "FILTER SOLAR SAKURA FC 2701": "1"
      },
      "tanggal_servis": "2022-04-06T17:00:00Z"
    }
  },
  {
    "model": "app.sparepartutility",
    "pk": 28,
    "fields": {
      "genset": 10,
      "jenis_servis": "250 JAM",
      "pic": "admin",
      "sparepart": {
        "VAN BELT BANDO RPF 5550": "1"
      },
      "tanggal_servis": "2022-04-14T17:00:00Z"
    }
  }
]